{"30-5-5-3-1": {"accuracy": [0.4166666666666667, 0.5208333333333334, 0.6041666666666666, 0.4166666666666667, 0.5833333333333334, 0.6458333333333334], "pnl": [-3.3636448698027124, 6.375843999345604, 16.792021758272256, 6.810634612883448, 2.304948929126283, -0.4158339978796306]}, "30-5-10-5-1": {"accuracy": [0.5416666666666666, 0.3333333333333333, 0.3541666666666667, 0.4583333333333333, 0.375, 0.4375], "pnl": [3.0755624411018943, -0.3938142206449413, -2.8565139774636776, 1.7882314693784167, 2.6311822948810004, 2.8650387388712915]}, "30-10-5-5-1": {"accuracy": [0.2916666666666667, 0.4375, 0.5, 0.4583333333333333, 0.6041666666666666, 0.4166666666666667], "pnl": [-4.2490005918300255, 3.453198180685746, 0.1602239876604017, 13.204137172710944, 15.18895505934563, 7.533876151681653]}, "30-5-5-10-1": {"accuracy": [0.4375, 0.5833333333333334, 0.375, 0.3541666666666667, 0.375, 0.7916666666666666, 0.625], "pnl": [12.534038262495145, 16.27456611541821, 3.71616092213371, -1.1633786456588382, 2.20339394446583, 2.398819266175238, 0.7906027864490142]}}