{"30-5-5-3-1": {"accuracy": [0.434, 0.574, 0.776, 0.666, 0.628, 0.786, 0.832], "pnl": [2.8908053645347422, -6.178057850549322, -2.4458202871212222, -0.007003662916957865, 6.544581930623565, -0.07141127865243391, 1.4721391428943633]}, "30-5-10-5-1": {"accuracy": [0.488, 0.486, 0.536, 0.732, 0.832, 0.736], "pnl": [-18.036211380108256, -13.999882260783025, -4.1147933998274056, -8.216549984598345, 2.8776665968777877, -7.289364082831539]}, "30-10-5-5-1": {"accuracy": [0.742, 0.644, 0.514, 0.688, 0.556, 0.718, 0.8], "pnl": [7.362413942410171, 13.28096970479605, 2.00033511710582, -10.189537789963467, -13.705932618609026, -4.9153427265618745, -1.5919101192253038]}, "30-5-5-10-1": {"accuracy": [0.668, 0.496, 0.742, 0.844, 0.972, 0.856, 0.844], "pnl": [14.451417190042976, 5.801626895739901, 15.175391147696272, 2.953015813028955, -0.9534684176622648, -1.6818155986721024, 2.717184599299827]}}